#
# DROP TABLE + FOREIGN KEY DAN ROLLBACK MENU
#

/* ========= DROP fk_users_groups_users1 ========= */

DROP PROCEDURE IF EXISTS tmp_drop_foreign_key;
DELIMITER $$
CREATE PROCEDURE tmp_drop_foreign_key(IN tableName VARCHAR(64), IN constraintName VARCHAR(64))
BEGIN
    IF EXISTS(
        SELECT * FROM information_schema.table_constraints
        WHERE 
            table_schema    = DATABASE()     AND
            table_name      = 'users_groups'   AND
            constraint_name = 'fk_users_groups_users1' AND
            constraint_type = 'FOREIGN KEY')
    THEN
        SET @query = CONCAT('ALTER TABLE ', tableName, ' DROP FOREIGN KEY ', constraintName, ';');
        PREPARE stmt FROM @query; 
        EXECUTE stmt; 
        DEALLOCATE PREPARE stmt; 
    END IF; 
END$$
DELIMITER ;
CALL tmp_drop_foreign_key('users_groups', 'fk_users_groups_users1');
DROP PROCEDURE tmp_drop_foreign_key;

/* ========= DROP fk_users_groups_groups1 ========= */
DROP PROCEDURE IF EXISTS tmp1_drop_foreign_key;
DELIMITER $$
CREATE PROCEDURE tmp1_drop_foreign_key(IN tableName VARCHAR(64), IN constraintName VARCHAR(64))
BEGIN
    IF EXISTS(
        SELECT * FROM information_schema.table_constraints
        WHERE 
            table_schema    = DATABASE()     AND
            table_name      = 'users_groups'   AND
            constraint_name = 'fk_users_groups_groups1' AND
            constraint_type = 'FOREIGN KEY')
    THEN
        SET @query = CONCAT('ALTER TABLE ', tableName, ' DROP FOREIGN KEY ', constraintName, ';');
        PREPARE stmt FROM @query; 
        EXECUTE stmt; 
        DEALLOCATE PREPARE stmt; 
    END IF; 
END$$
DELIMITER ;
CALL tmp1_drop_foreign_key('users_groups', 'fk_users_groups_groups1');
DROP PROCEDURE tmp1_drop_foreign_key;

/* ========= DROP TABLE ========= */
DROP TABLE IF EXISTS `groups`;
DROP TABLE IF EXISTS `users`;
DROP TABLE IF EXISTS `users_groups`;
DROP TABLE IF EXISTS `login_attempts`;
DROP TABLE IF EXISTS `group_perm`;

/* ========= ROLLBACK ========= */
UPDATE `setting_modul` SET `url` = 'man_user' WHERE `setting_modul`.`id` = 11;
UPDATE `setting_modul` SET `url` = 'man_user' WHERE `setting_modul`.`id` = 44;
UPDATE `setting_modul` SET `urut` = '4' WHERE `setting_modul`.`id` = 45;
UPDATE `setting_modul` SET `urut` = '5' WHERE `setting_modul`.`id` = 46;
SET @query1 = 'DELETE FROM `setting_modul` WHERE `id`=204';
PREPARE stmt FROM @query1;
EXECUTE stmt; 
SET @query2 = 'DELETE FROM `setting_modul` WHERE `id`=205';
PREPARE stmt FROM @query2;
EXECUTE stmt;
SET @query3 = 'DELETE FROM `setting_modul` WHERE `id`=206';
PREPARE stmt FROM @query3;
EXECUTE stmt;


#
# Table structure for table 'groups'
#

CREATE TABLE `groups` (
  `id` mediumint(8) unsigned NOT NULL AUTO_INCREMENT,
  `name` varchar(20) NOT NULL,
  `description` varchar(100) NOT NULL,
  PRIMARY KEY (`id`)
) ENGINE=InnoDB DEFAULT CHARSET=utf8;

#
# Dumping data for table 'groups'
#

INSERT INTO `groups` (`id`, `name`, `description`) VALUES
(1, 'admin', 'Administrator'),
(2, 'operator', 'Operator'),
(3, 'redaksi', 'Redaksi'),
(4, 'kontributor', 'Kontributor');


#
# Table structure for table 'users'
#

CREATE TABLE `users` (
  `id` int(11) unsigned NOT NULL AUTO_INCREMENT,
  `ip_address` varchar(45) NOT NULL,
  `username` varchar(100) NOT NULL,
  `password` varchar(255) NOT NULL,
  `email` varchar(254) NOT NULL,
  `activation_selector` varchar(255) DEFAULT NULL,
  `activation_code` varchar(255) DEFAULT NULL,
  `forgotten_password_selector` varchar(255) DEFAULT NULL,
  `forgotten_password_code` varchar(255) DEFAULT NULL,
  `forgotten_password_time` int(11) unsigned DEFAULT NULL,
  `remember_selector` varchar(255) DEFAULT NULL,
  `remember_code` varchar(255) DEFAULT NULL,
  `created_on` int(11) unsigned NOT NULL,
  `last_login` int(11) unsigned DEFAULT NULL,
  `active` tinyint(1) unsigned DEFAULT NULL,
  `first_name` varchar(50) DEFAULT NULL,
  `last_name` varchar(50) DEFAULT NULL,
  `company` varchar(100) DEFAULT NULL,
  `phone` varchar(20) DEFAULT NULL,
  `user_img` text,
  `id_grup` int(11) UNSIGNED DEFAULT NULL,
  PRIMARY KEY (`id`),
  CONSTRAINT `uc_username` UNIQUE (`username`),
  CONSTRAINT `uc_email` UNIQUE (`email`),
  CONSTRAINT `uc_activation_selector` UNIQUE (`activation_selector`),
  CONSTRAINT `uc_forgotten_password_selector` UNIQUE (`forgotten_password_selector`),
  CONSTRAINT `uc_remember_selector` UNIQUE (`remember_selector`)
) ENGINE=InnoDB DEFAULT CHARSET=utf8;


#
# Dumping data for table 'users'
#

INSERT INTO `users` (`id`, `ip_address`, `username`, `password`, `email`, `activation_code`, `forgotten_password_code`, `created_on`, `last_login`, `active`, `first_name`, `last_name`, `company`, `phone`, `user_img`, `id_grup`) VALUES
     (1, '127.0.0.1', 'adminrbac', '$2y$12$VCCzq5PRAqu35pCZvB9OTu2zFeWojWzzi8CDod4IJgPftkZKc4bDi', 'admin@opendesa.id', '', '','1268889823','1268889823','1', 'admin', 'rbac', 'opendesa', '08100000000', 'kuser.png', 1);


#
# Table structure for table 'users_groups'
#

CREATE TABLE `users_groups` (
  `id` int(11) unsigned NOT NULL AUTO_INCREMENT,
  `user_id` int(11) unsigned NOT NULL,
  `group_id` mediumint(8) unsigned NOT NULL,
  PRIMARY KEY (`id`),
  KEY `fk_users_groups_users1_idx` (`user_id`),
  KEY `fk_users_groups_groups1_idx` (`group_id`),
  CONSTRAINT `uc_users_groups` UNIQUE (`user_id`, `group_id`),
  CONSTRAINT `fk_users_groups_users1` FOREIGN KEY (`user_id`) REFERENCES `users` (`id`) ON DELETE CASCADE ON UPDATE NO ACTION,
  CONSTRAINT `fk_users_groups_groups1` FOREIGN KEY (`group_id`) REFERENCES `groups` (`id`) ON DELETE CASCADE ON UPDATE NO ACTION
) ENGINE=InnoDB DEFAULT CHARSET=utf8;

INSERT INTO `users_groups` (`id`, `user_id`, `group_id`) VALUES
     (1,1,1);


#
# Table structure for table 'login_attempts'
#

CREATE TABLE `login_attempts` (
  `id` int(11) unsigned NOT NULL AUTO_INCREMENT,
  `ip_address` varchar(45) NOT NULL,
  `login` varchar(100) NOT NULL,
  `time` int(11) unsigned DEFAULT NULL,
  PRIMARY KEY (`id`)
) ENGINE=InnoDB DEFAULT CHARSET=utf8;


#
# Table structure for table 'group_perm'
#

CREATE TABLE IF NOT EXISTS `group_perm` (
  `id` int(10) NOT NULL AUTO_INCREMENT,
  `group_id` int(10) UNSIGNED NOT NULL,
  `perm_id` int(10) UNSIGNED DEFAULT NULL,
  `create_id` int(10) UNSIGNED DEFAULT NULL,
  `update_id` int(10) UNSIGNED DEFAULT NULL,
  `delete_id` int(10) UNSIGNED DEFAULT NULL,
  `print_id` int(10) UNSIGNED DEFAULT NULL,
  PRIMARY KEY (`id`)
) ENGINE=InnoDB DEFAULT CHARSET=utf8;

#
# Dumping data for table 'group_perm'
#

INSERT INTO `group_perm` (`id`, `group_id`, `perm_id`, `create_id`, `update_id`, `delete_id`, `print_id`) VALUES
(1, 1, 1, 0, 0, 0, 0),
(2, 1, 200, 0, 0, 0, 0),
(3, 1, 2, 0, 0, 0, 0),
(4, 1, 3, 0, 0, 0, 0),
(5, 1, 4, 0, 0, 0, 0),
(6, 1, 15, 0, 0, 0, 0),
(7, 1, 5, 0, 0, 0, 0),
(8, 1, 201, 0, 0, 0, 0),
(9, 1, 6, 0, 0, 0, 0),
(10, 1, 7, 0, 0, 0, 0),
(11, 1, 9, 0, 0, 0, 0),
(12, 1, 10, 0, 0, 0, 0),
(13, 1, 11, 0, 0, 0, 0),
(14, 1, 13, 0, 0, 0, 0),
(15, 1, 14, 0, 0, 0, 0),
(16, 1, 17, 0, 0, 0, 0),
(17, 1, 20, 0, 0, 0, 0),
(18, 1, 18, 0, 0, 0, 0),
(19, 1, 21, 0, 0, 0, 0),
(20, 1, 22, 0, 0, 0, 0),
(21, 1, 23, 0, 0, 0, 0),
(22, 1, 24, 0, 0, 0, 0),
(23, 1, 25, 0, 0, 0, 0),
(24, 1, 26, 0, 0, 0, 0),
(25, 1, 27, 0, 0, 0, 0),
(26, 1, 28, 0, 0, 0, 0),
(27, 1, 29, 0, 0, 0, 0),
(28, 1, 30, 0, 0, 0, 0),
(29, 1, 31, 0, 0, 0, 0),
(30, 1, 32, 0, 0, 0, 0),
(31, 1, 33, 0, 0, 0, 0),
(32, 1, 57, 0, 0, 0, 0),
(33, 1, 58, 0, 0, 0, 0),
(34, 1, 59, 0, 0, 0, 0),
(35, 1, 60, 0, 0, 0, 0),
(36, 1, 61, 0, 0, 0, 0),
(37, 1, 63, 0, 0, 0, 0),
(38, 1, 67, 0, 0, 0, 0),
(39, 1, 68, 0, 0, 0, 0),
(40, 1, 69, 0, 0, 0, 0),
(41, 1, 70, 0, 0, 0, 0),
(42, 1, 71, 0, 0, 0, 0),
(43, 1, 72, 0, 0, 0, 0),
(44, 1, 73, 0, 0, 0, 0),
(45, 1, 202, 0, 0, 0, 0),
(46, 1, 203, 0, 0, 0, 0),
(47, 1, 205, 0, 0, 0, 0),
(48, 1, 206, 0, 0, 0, 0),
(49, 1, 62, 0, 0, 0, 0),
(50, 1, 8, 0, 0, 0, 0),
(51, 1, 39, 0, 0, 0, 0),
(52, 1, 40, 0, 0, 0, 0),
(53, 1, 41, 0, 0, 0, 0),
(54, 1, 42, 0, 0, 0, 0),
(55, 1, 43, 0, 0, 0, 0),
(56, 1, 44, 0, 0, 0, 0),
(57, 1, 204, 0, 0, 0, 0),
(58, 1, 45, 0, 0, 0, 0),
(59, 1, 46, 0, 0, 0, 0),
(60, 1, 47, 0, 0, 0, 0),
(61, 1, 48, 0, 0, 0, 0),
(62, 1, 49, 0, 0, 0, 0),
(63, 1, 50, 0, 0, 0, 0),
(64, 1, 51, 0, 0, 0, 0),
(65, 1, 52, 0, 0, 0, 0),
(66, 1, 53, 0, 0, 0, 0),
(67, 1, 54, 0, 0, 0, 0),
(68, 1, 64, 0, 0, 0, 0),
(69, 1, 55, 0, 0, 0, 0),
(70, 1, 56, 0, 0, 0, 0),
(71, 1, 0, 17, 0, 0, 0),
(72, 1, 0, 20, 0, 0, 0),
(73, 1, 0, 18, 0, 0, 0),
(74, 1, 0, 21, 0, 0, 0),
(75, 1, 0, 22, 0, 0, 0),
(76, 1, 0, 23, 0, 0, 0),
(77, 1, 0, 24, 0, 0, 0),
(78, 1, 0, 25, 0, 0, 0),
(79, 1, 0, 26, 0, 0, 0),
(80, 1, 0, 27, 0, 0, 0),
(81, 1, 0, 28, 0, 0, 0),
(82, 1, 0, 29, 0, 0, 0),
(83, 1, 0, 30, 0, 0, 0),
(84, 1, 0, 31, 0, 0, 0),
(85, 1, 0, 32, 0, 0, 0),
(86, 1, 0, 33, 0, 0, 0),
(87, 1, 0, 57, 0, 0, 0),
(88, 1, 0, 58, 0, 0, 0),
(89, 1, 0, 59, 0, 0, 0),
(90, 1, 0, 60, 0, 0, 0),
(91, 1, 0, 61, 0, 0, 0),
(92, 1, 0, 63, 0, 0, 0),
(93, 1, 0, 67, 0, 0, 0),
(94, 1, 0, 68, 0, 0, 0),
(95, 1, 0, 69, 0, 0, 0),
(96, 1, 0, 70, 0, 0, 0),
(97, 1, 0, 71, 0, 0, 0),
(98, 1, 0, 72, 0, 0, 0),
(99, 1, 0, 73, 0, 0, 0),
(100, 1, 0, 202, 0, 0, 0),
(101, 1, 0, 203, 0, 0, 0),
(102, 1, 0, 205, 0, 0, 0),
(103, 1, 0, 206, 0, 0, 0),
(104, 1, 0, 62, 0, 0, 0),
(105, 1, 0, 8, 0, 0, 0),
(106, 1, 0, 39, 0, 0, 0),
(107, 1, 0, 40, 0, 0, 0),
(108, 1, 0, 41, 0, 0, 0),
(109, 1, 0, 42, 0, 0, 0),
(110, 1, 0, 43, 0, 0, 0),
(111, 1, 0, 44, 0, 0, 0),
(112, 1, 0, 204, 0, 0, 0),
(113, 1, 0, 45, 0, 0, 0),
(114, 1, 0, 46, 0, 0, 0),
(115, 1, 0, 47, 0, 0, 0),
(116, 1, 0, 48, 0, 0, 0),
(117, 1, 0, 49, 0, 0, 0),
(118, 1, 0, 50, 0, 0, 0),
(119, 1, 0, 51, 0, 0, 0),
(120, 1, 0, 52, 0, 0, 0),
(121, 1, 0, 53, 0, 0, 0),
(122, 1, 0, 54, 0, 0, 0),
(123, 1, 0, 64, 0, 0, 0),
(124, 1, 0, 55, 0, 0, 0),
(125, 1, 0, 56, 0, 0, 0),
(126, 1, 0, 0, 17, 0, 0),
(127, 1, 0, 0, 20, 0, 0),
(128, 1, 0, 0, 18, 0, 0),
(129, 1, 0, 0, 21, 0, 0),
(130, 1, 0, 0, 22, 0, 0),
(131, 1, 0, 0, 23, 0, 0),
(132, 1, 0, 0, 24, 0, 0),
(133, 1, 0, 0, 25, 0, 0),
(134, 1, 0, 0, 26, 0, 0),
(135, 1, 0, 0, 27, 0, 0),
(136, 1, 0, 0, 28, 0, 0),
(137, 1, 0, 0, 29, 0, 0),
(138, 1, 0, 0, 30, 0, 0),
(139, 1, 0, 0, 31, 0, 0),
(140, 1, 0, 0, 32, 0, 0),
(141, 1, 0, 0, 33, 0, 0),
(142, 1, 0, 0, 57, 0, 0),
(143, 1, 0, 0, 58, 0, 0),
(144, 1, 0, 0, 59, 0, 0),
(145, 1, 0, 0, 60, 0, 0),
(146, 1, 0, 0, 61, 0, 0),
(147, 1, 0, 0, 63, 0, 0),
(148, 1, 0, 0, 67, 0, 0),
(149, 1, 0, 0, 68, 0, 0),
(150, 1, 0, 0, 69, 0, 0),
(151, 1, 0, 0, 70, 0, 0),
(152, 1, 0, 0, 71, 0, 0),
(153, 1, 0, 0, 72, 0, 0),
(154, 1, 0, 0, 73, 0, 0),
(155, 1, 0, 0, 202, 0, 0),
(156, 1, 0, 0, 203, 0, 0),
(157, 1, 0, 0, 205, 0, 0),
(158, 1, 0, 0, 206, 0, 0),
(159, 1, 0, 0, 62, 0, 0),
(160, 1, 0, 0, 8, 0, 0),
(161, 1, 0, 0, 39, 0, 0),
(162, 1, 0, 0, 40, 0, 0),
(163, 1, 0, 0, 41, 0, 0),
(164, 1, 0, 0, 42, 0, 0),
(165, 1, 0, 0, 43, 0, 0),
(166, 1, 0, 0, 44, 0, 0),
(167, 1, 0, 0, 204, 0, 0),
(168, 1, 0, 0, 45, 0, 0),
(169, 1, 0, 0, 46, 0, 0),
(170, 1, 0, 0, 47, 0, 0),
(171, 1, 0, 0, 48, 0, 0),
(172, 1, 0, 0, 49, 0, 0),
(173, 1, 0, 0, 50, 0, 0),
(174, 1, 0, 0, 51, 0, 0),
(175, 1, 0, 0, 52, 0, 0),
(176, 1, 0, 0, 53, 0, 0),
(177, 1, 0, 0, 54, 0, 0),
(178, 1, 0, 0, 64, 0, 0),
(179, 1, 0, 0, 55, 0, 0),
(180, 1, 0, 0, 56, 0, 0),
(181, 1, 0, 0, 0, 17, 0),
(182, 1, 0, 0, 0, 20, 0),
(183, 1, 0, 0, 0, 18, 0),
(184, 1, 0, 0, 0, 21, 0),
(185, 1, 0, 0, 0, 22, 0),
(186, 1, 0, 0, 0, 23, 0),
(187, 1, 0, 0, 0, 24, 0),
(188, 1, 0, 0, 0, 25, 0),
(189, 1, 0, 0, 0, 26, 0),
(190, 1, 0, 0, 0, 27, 0),
(191, 1, 0, 0, 0, 28, 0),
(192, 1, 0, 0, 0, 29, 0),
(193, 1, 0, 0, 0, 30, 0),
(194, 1, 0, 0, 0, 31, 0),
(195, 1, 0, 0, 0, 32, 0),
(196, 1, 0, 0, 0, 33, 0),
(197, 1, 0, 0, 0, 57, 0),
(198, 1, 0, 0, 0, 58, 0),
(199, 1, 0, 0, 0, 59, 0),
(200, 1, 0, 0, 0, 60, 0),
(201, 1, 0, 0, 0, 61, 0),
(202, 1, 0, 0, 0, 63, 0),
(203, 1, 0, 0, 0, 67, 0),
(204, 1, 0, 0, 0, 68, 0),
(205, 1, 0, 0, 0, 69, 0),
(206, 1, 0, 0, 0, 70, 0),
(207, 1, 0, 0, 0, 71, 0),
(208, 1, 0, 0, 0, 72, 0),
(209, 1, 0, 0, 0, 73, 0),
(210, 1, 0, 0, 0, 202, 0),
(211, 1, 0, 0, 0, 203, 0),
(212, 1, 0, 0, 0, 205, 0),
(213, 1, 0, 0, 0, 206, 0),
(214, 1, 0, 0, 0, 62, 0),
(215, 1, 0, 0, 0, 8, 0),
(216, 1, 0, 0, 0, 39, 0),
(217, 1, 0, 0, 0, 40, 0),
(218, 1, 0, 0, 0, 41, 0),
(219, 1, 0, 0, 0, 42, 0),
(220, 1, 0, 0, 0, 43, 0),
(221, 1, 0, 0, 0, 44, 0),
(222, 1, 0, 0, 0, 204, 0),
(223, 1, 0, 0, 0, 45, 0),
(224, 1, 0, 0, 0, 46, 0),
(225, 1, 0, 0, 0, 47, 0),
(226, 1, 0, 0, 0, 48, 0),
(227, 1, 0, 0, 0, 49, 0),
(228, 1, 0, 0, 0, 50, 0),
(229, 1, 0, 0, 0, 51, 0),
(230, 1, 0, 0, 0, 52, 0),
(231, 1, 0, 0, 0, 53, 0),
(232, 1, 0, 0, 0, 54, 0),
(233, 1, 0, 0, 0, 64, 0),
(234, 1, 0, 0, 0, 55, 0),
(235, 1, 0, 0, 0, 56, 0),
(236, 1, 0, 0, 0, 0, 17),
(237, 1, 0, 0, 0, 0, 20),
(238, 1, 0, 0, 0, 0, 18),
(239, 1, 0, 0, 0, 0, 21),
(240, 1, 0, 0, 0, 0, 22),
(241, 1, 0, 0, 0, 0, 23),
(242, 1, 0, 0, 0, 0, 24),
(243, 1, 0, 0, 0, 0, 25),
(244, 1, 0, 0, 0, 0, 26),
(245, 1, 0, 0, 0, 0, 27),
(246, 1, 0, 0, 0, 0, 28),
(247, 1, 0, 0, 0, 0, 29),
(248, 1, 0, 0, 0, 0, 30),
(249, 1, 0, 0, 0, 0, 31),
(250, 1, 0, 0, 0, 0, 32),
(251, 1, 0, 0, 0, 0, 33),
(252, 1, 0, 0, 0, 0, 57),
(253, 1, 0, 0, 0, 0, 58),
(254, 1, 0, 0, 0, 0, 59),
(255, 1, 0, 0, 0, 0, 60),
(256, 1, 0, 0, 0, 0, 61),
(257, 1, 0, 0, 0, 0, 63),
(258, 1, 0, 0, 0, 0, 67),
(259, 1, 0, 0, 0, 0, 68),
(260, 1, 0, 0, 0, 0, 69),
(261, 1, 0, 0, 0, 0, 70),
(262, 1, 0, 0, 0, 0, 71),
(263, 1, 0, 0, 0, 0, 72),
(264, 1, 0, 0, 0, 0, 73),
(265, 1, 0, 0, 0, 0, 202),
(266, 1, 0, 0, 0, 0, 203),
(267, 1, 0, 0, 0, 0, 205),
(268, 1, 0, 0, 0, 0, 206),
(269, 1, 0, 0, 0, 0, 62),
(270, 1, 0, 0, 0, 0, 8),
(271, 1, 0, 0, 0, 0, 39),
(272, 1, 0, 0, 0, 0, 40),
(273, 1, 0, 0, 0, 0, 41),
(274, 1, 0, 0, 0, 0, 42),
(275, 1, 0, 0, 0, 0, 43),
(276, 1, 0, 0, 0, 0, 44),
(277, 1, 0, 0, 0, 0, 204),
(278, 1, 0, 0, 0, 0, 45),
(279, 1, 0, 0, 0, 0, 46),
(280, 1, 0, 0, 0, 0, 47),
(281, 1, 0, 0, 0, 0, 48),
(282, 1, 0, 0, 0, 0, 49),
(283, 1, 0, 0, 0, 0, 50),
(284, 1, 0, 0, 0, 0, 51),
(285, 1, 0, 0, 0, 0, 52),
(286, 1, 0, 0, 0, 0, 53),
(287, 1, 0, 0, 0, 0, 54),
(288, 1, 0, 0, 0, 0, 64),
(289, 1, 0, 0, 0, 0, 55),
(290, 1, 0, 0, 0, 0, 56),
(291, 2, 1, 0, 0, 0, 0),
(292, 2, 200, 0, 0, 0, 0),
(293, 2, 2, 0, 0, 0, 0),
(294, 2, 3, 0, 0, 0, 0),
(295, 2, 4, 0, 0, 0, 0),
(296, 2, 15, 0, 0, 0, 0),
(297, 2, 5, 0, 0, 0, 0),
(298, 2, 201, 0, 0, 0, 0),
(299, 2, 6, 0, 0, 0, 0),
(300, 2, 7, 0, 0, 0, 0),
(301, 2, 9, 0, 0, 0, 0),
(302, 2, 10, 0, 0, 0, 0),
(303, 2, 11, 0, 0, 0, 0),
(304, 2, 13, 0, 0, 0, 0),
(305, 2, 14, 0, 0, 0, 0),
(306, 2, 17, 0, 0, 0, 0),
(307, 2, 20, 0, 0, 0, 0),
(308, 2, 18, 0, 0, 0, 0),
(309, 2, 21, 0, 0, 0, 0),
(310, 2, 22, 0, 0, 0, 0),
(311, 2, 23, 0, 0, 0, 0),
(312, 2, 24, 0, 0, 0, 0),
(313, 2, 25, 0, 0, 0, 0),
(314, 2, 26, 0, 0, 0, 0),
(315, 2, 27, 0, 0, 0, 0),
(316, 2, 28, 0, 0, 0, 0),
(317, 2, 29, 0, 0, 0, 0),
(318, 2, 30, 0, 0, 0, 0),
(319, 2, 31, 0, 0, 0, 0),
(320, 2, 32, 0, 0, 0, 0),
(321, 2, 33, 0, 0, 0, 0),
(322, 2, 57, 0, 0, 0, 0),
(323, 2, 58, 0, 0, 0, 0),
(324, 2, 59, 0, 0, 0, 0),
(325, 2, 60, 0, 0, 0, 0),
(326, 2, 61, 0, 0, 0, 0),
(327, 2, 63, 0, 0, 0, 0),
(328, 2, 67, 0, 0, 0, 0),
(329, 2, 68, 0, 0, 0, 0),
(330, 2, 69, 0, 0, 0, 0),
(331, 2, 70, 0, 0, 0, 0),
(332, 2, 71, 0, 0, 0, 0),
(333, 2, 72, 0, 0, 0, 0),
(334, 2, 73, 0, 0, 0, 0),
(335, 2, 202, 0, 0, 0, 0),
(336, 2, 203, 0, 0, 0, 0),
(337, 2, 205, 0, 0, 0, 0),
(338, 2, 206, 0, 0, 0, 0),
(339, 2, 62, 0, 0, 0, 0),
(340, 2, 8, 0, 0, 0, 0),
(341, 2, 39, 0, 0, 0, 0),
(342, 2, 40, 0, 0, 0, 0),
(343, 2, 41, 0, 0, 0, 0),
(344, 2, 42, 0, 0, 0, 0),
(345, 2, 47, 0, 0, 0, 0),
(346, 2, 48, 0, 0, 0, 0),
(347, 2, 49, 0, 0, 0, 0),
(348, 2, 50, 0, 0, 0, 0),
(349, 2, 51, 0, 0, 0, 0),
(350, 2, 52, 0, 0, 0, 0),
(351, 2, 53, 0, 0, 0, 0),
(352, 2, 54, 0, 0, 0, 0),
(353, 2, 64, 0, 0, 0, 0),
(354, 2, 55, 0, 0, 0, 0),
(355, 2, 56, 0, 0, 0, 0),
(356, 2, 0, 17, 0, 0, 0),
(357, 2, 0, 20, 0, 0, 0),
(358, 2, 0, 18, 0, 0, 0),
(359, 2, 0, 21, 0, 0, 0),
(360, 2, 0, 22, 0, 0, 0),
(361, 2, 0, 23, 0, 0, 0),
(362, 2, 0, 24, 0, 0, 0),
(363, 2, 0, 25, 0, 0, 0),
(364, 2, 0, 26, 0, 0, 0),
(365, 2, 0, 27, 0, 0, 0),
(366, 2, 0, 28, 0, 0, 0),
(367, 2, 0, 29, 0, 0, 0),
(368, 2, 0, 30, 0, 0, 0),
(369, 2, 0, 31, 0, 0, 0),
(370, 2, 0, 32, 0, 0, 0),
(371, 2, 0, 33, 0, 0, 0),
(372, 2, 0, 57, 0, 0, 0),
(373, 2, 0, 58, 0, 0, 0),
(374, 2, 0, 59, 0, 0, 0),
(375, 2, 0, 60, 0, 0, 0),
(376, 2, 0, 61, 0, 0, 0),
(377, 2, 0, 63, 0, 0, 0),
(378, 2, 0, 67, 0, 0, 0),
(379, 2, 0, 68, 0, 0, 0),
(380, 2, 0, 69, 0, 0, 0),
(381, 2, 0, 70, 0, 0, 0),
(382, 2, 0, 71, 0, 0, 0),
(383, 2, 0, 72, 0, 0, 0),
(384, 2, 0, 73, 0, 0, 0),
(385, 2, 0, 202, 0, 0, 0),
(386, 2, 0, 203, 0, 0, 0),
(387, 2, 0, 205, 0, 0, 0),
(388, 2, 0, 206, 0, 0, 0),
(389, 2, 0, 62, 0, 0, 0),
(390, 2, 0, 8, 0, 0, 0),
(391, 2, 0, 39, 0, 0, 0),
(392, 2, 0, 40, 0, 0, 0),
(393, 2, 0, 41, 0, 0, 0),
(394, 2, 0, 42, 0, 0, 0),
(395, 2, 0, 43, 0, 0, 0),
(396, 2, 0, 47, 0, 0, 0),
(397, 2, 0, 48, 0, 0, 0),
(398, 2, 0, 49, 0, 0, 0),
(399, 2, 0, 50, 0, 0, 0),
(400, 2, 0, 51, 0, 0, 0),
(401, 2, 0, 52, 0, 0, 0),
(402, 2, 0, 53, 0, 0, 0),
(403, 2, 0, 54, 0, 0, 0),
(404, 2, 0, 64, 0, 0, 0),
(405, 2, 0, 55, 0, 0, 0),
(406, 2, 0, 56, 0, 0, 0),
(407, 2, 0, 0, 17, 0, 0),
(408, 2, 0, 0, 20, 0, 0),
(409, 2, 0, 0, 18, 0, 0),
(410, 2, 0, 0, 21, 0, 0),
(411, 2, 0, 0, 22, 0, 0),
(412, 2, 0, 0, 23, 0, 0),
(413, 2, 0, 0, 24, 0, 0),
(414, 2, 0, 0, 25, 0, 0),
(415, 2, 0, 0, 26, 0, 0),
(416, 2, 0, 0, 27, 0, 0),
(417, 2, 0, 0, 28, 0, 0),
(418, 2, 0, 0, 29, 0, 0),
(419, 2, 0, 0, 30, 0, 0),
(420, 2, 0, 0, 31, 0, 0),
(421, 2, 0, 0, 32, 0, 0),
(422, 2, 0, 0, 33, 0, 0),
(423, 2, 0, 0, 57, 0, 0),
(424, 2, 0, 0, 58, 0, 0),
(425, 2, 0, 0, 59, 0, 0),
(426, 2, 0, 0, 60, 0, 0),
(427, 2, 0, 0, 61, 0, 0),
(428, 2, 0, 0, 63, 0, 0),
(429, 2, 0, 0, 67, 0, 0),
(430, 2, 0, 0, 68, 0, 0),
(431, 2, 0, 0, 69, 0, 0),
(432, 2, 0, 0, 70, 0, 0),
(433, 2, 0, 0, 71, 0, 0),
(434, 2, 0, 0, 72, 0, 0),
(435, 2, 0, 0, 73, 0, 0),
(436, 2, 0, 0, 202, 0, 0),
(437, 2, 0, 0, 203, 0, 0),
(438, 2, 0, 0, 205, 0, 0),
(439, 2, 0, 0, 206, 0, 0),
(440, 2, 0, 0, 62, 0, 0),
(441, 2, 0, 0, 8, 0, 0),
(442, 2, 0, 0, 39, 0, 0),
(443, 2, 0, 0, 40, 0, 0),
(444, 2, 0, 0, 41, 0, 0),
(445, 2, 0, 0, 42, 0, 0),
(446, 2, 0, 0, 47, 0, 0),
(447, 2, 0, 0, 48, 0, 0),
(448, 2, 0, 0, 49, 0, 0),
(449, 2, 0, 0, 50, 0, 0),
(450, 2, 0, 0, 51, 0, 0),
(451, 2, 0, 0, 52, 0, 0),
(452, 2, 0, 0, 53, 0, 0),
(453, 2, 0, 0, 54, 0, 0),
(454, 2, 0, 0, 64, 0, 0),
(455, 2, 0, 0, 55, 0, 0),
(456, 2, 0, 0, 56, 0, 0),
(457, 2, 0, 0, 0, 17, 0),
(458, 2, 0, 0, 0, 20, 0),
(459, 2, 0, 0, 0, 18, 0),
(460, 2, 0, 0, 0, 21, 0),
(461, 2, 0, 0, 0, 22, 0),
(462, 2, 0, 0, 0, 23, 0),
(463, 2, 0, 0, 0, 24, 0),
(464, 2, 0, 0, 0, 25, 0),
(465, 2, 0, 0, 0, 26, 0),
(466, 2, 0, 0, 0, 27, 0),
(467, 2, 0, 0, 0, 28, 0),
(468, 2, 0, 0, 0, 29, 0),
(469, 2, 0, 0, 0, 30, 0),
(470, 2, 0, 0, 0, 31, 0),
(471, 2, 0, 0, 0, 32, 0),
(472, 2, 0, 0, 0, 33, 0),
(473, 2, 0, 0, 0, 57, 0),
(474, 2, 0, 0, 0, 58, 0),
(475, 2, 0, 0, 0, 59, 0),
(476, 2, 0, 0, 0, 60, 0),
(477, 2, 0, 0, 0, 61, 0),
(478, 2, 0, 0, 0, 63, 0),
(479, 2, 0, 0, 0, 67, 0),
(480, 2, 0, 0, 0, 68, 0),
(481, 2, 0, 0, 0, 69, 0),
(482, 2, 0, 0, 0, 70, 0),
(483, 2, 0, 0, 0, 71, 0),
(484, 2, 0, 0, 0, 72, 0),
(485, 2, 0, 0, 0, 73, 0),
(486, 2, 0, 0, 0, 202, 0),
(487, 2, 0, 0, 0, 203, 0),
(488, 2, 0, 0, 0, 205, 0),
(489, 2, 0, 0, 0, 206, 0),
(490, 2, 0, 0, 0, 62, 0),
(491, 2, 0, 0, 0, 8, 0),
(492, 2, 0, 0, 0, 39, 0),
(493, 2, 0, 0, 0, 40, 0),
(494, 2, 0, 0, 0, 41, 0),
(495, 2, 0, 0, 0, 42, 0),
(496, 2, 0, 0, 0, 47, 0),
(497, 2, 0, 0, 0, 48, 0),
(498, 2, 0, 0, 0, 49, 0),
(499, 2, 0, 0, 0, 50, 0),
(500, 2, 0, 0, 0, 51, 0),
(501, 2, 0, 0, 0, 52, 0),
(502, 2, 0, 0, 0, 53, 0),
(503, 2, 0, 0, 0, 54, 0),
(504, 2, 0, 0, 0, 64, 0),
(505, 2, 0, 0, 0, 55, 0),
(506, 2, 0, 0, 0, 56, 0),
(507, 2, 0, 0, 0, 0, 17),
(508, 2, 0, 0, 0, 0, 20),
(509, 2, 0, 0, 0, 0, 18),
(510, 2, 0, 0, 0, 0, 21),
(511, 2, 0, 0, 0, 0, 22),
(512, 2, 0, 0, 0, 0, 23),
(513, 2, 0, 0, 0, 0, 24),
(514, 2, 0, 0, 0, 0, 25),
(515, 2, 0, 0, 0, 0, 26),
(516, 2, 0, 0, 0, 0, 27),
(517, 2, 0, 0, 0, 0, 28),
(518, 2, 0, 0, 0, 0, 29),
(519, 2, 0, 0, 0, 0, 30),
(520, 2, 0, 0, 0, 0, 31),
(521, 2, 0, 0, 0, 0, 32),
(522, 2, 0, 0, 0, 0, 33),
(523, 2, 0, 0, 0, 0, 57),
(524, 2, 0, 0, 0, 0, 58),
(525, 2, 0, 0, 0, 0, 59),
(526, 2, 0, 0, 0, 0, 60),
(527, 2, 0, 0, 0, 0, 61),
(528, 2, 0, 0, 0, 0, 63),
(529, 2, 0, 0, 0, 0, 67),
(530, 2, 0, 0, 0, 0, 68),
(531, 2, 0, 0, 0, 0, 69),
(532, 2, 0, 0, 0, 0, 70),
(533, 2, 0, 0, 0, 0, 71),
(534, 2, 0, 0, 0, 0, 72),
(535, 2, 0, 0, 0, 0, 73),
(536, 2, 0, 0, 0, 0, 202),
(537, 2, 0, 0, 0, 0, 203),
(538, 2, 0, 0, 0, 0, 205),
(539, 2, 0, 0, 0, 0, 206),
(540, 2, 0, 0, 0, 0, 62),
(541, 2, 0, 0, 0, 0, 8),
(542, 2, 0, 0, 0, 0, 39),
(543, 2, 0, 0, 0, 0, 40),
(544, 2, 0, 0, 0, 0, 41),
(545, 2, 0, 0, 0, 0, 42),
(546, 2, 0, 0, 0, 0, 47),
(547, 2, 0, 0, 0, 0, 48),
(548, 2, 0, 0, 0, 0, 49),
(549, 2, 0, 0, 0, 0, 50),
(550, 2, 0, 0, 0, 0, 51),
(551, 2, 0, 0, 0, 0, 52),
(552, 2, 0, 0, 0, 0, 53),
(553, 2, 0, 0, 0, 0, 54),
(554, 2, 0, 0, 0, 0, 64),
(555, 2, 0, 0, 0, 0, 55),
(556, 2, 0, 0, 0, 0, 56),
(557, 3, 13, 0, 0, 0, 0),
(558, 3, 47, 0, 0, 0, 0),
(559, 3, 48, 0, 0, 0, 0),
(560, 3, 49, 0, 0, 0, 0),
(561, 3, 50, 0, 0, 0, 0),
(562, 3, 51, 0, 0, 0, 0),
(563, 3, 52, 0, 0, 0, 0),
(564, 3, 53, 0, 0, 0, 0),
(565, 3, 54, 0, 0, 0, 0),
(566, 3, 64, 0, 0, 0, 0),
(567, 3, 0, 47, 0, 0, 0),
(568, 3, 0, 48, 0, 0, 0),
(569, 3, 0, 49, 0, 0, 0),
(570, 3, 0, 50, 0, 0, 0),
(571, 3, 0, 51, 0, 0, 0),
(572, 3, 0, 52, 0, 0, 0),
(573, 3, 0, 53, 0, 0, 0),
(574, 3, 0, 54, 0, 0, 0),
(575, 3, 0, 64, 0, 0, 0),
(576, 3, 0, 0, 47, 0, 0),
(577, 3, 0, 0, 48, 0, 0),
(578, 3, 0, 0, 49, 0, 0),
(579, 3, 0, 0, 50, 0, 0),
(580, 3, 0, 0, 51, 0, 0),
(581, 3, 0, 0, 52, 0, 0),
(582, 3, 0, 0, 53, 0, 0),
(583, 3, 0, 0, 54, 0, 0),
(584, 3, 0, 0, 64, 0, 0),
(585, 3, 0, 0, 0, 47, 0),
(586, 3, 0, 0, 0, 48, 0),
(587, 3, 0, 0, 0, 49, 0),
(588, 3, 0, 0, 0, 50, 0),
(589, 3, 0, 0, 0, 51, 0),
(590, 3, 0, 0, 0, 52, 0),
(591, 3, 0, 0, 0, 53, 0),
(592, 3, 0, 0, 0, 54, 0),
(593, 3, 0, 0, 0, 64, 0),
(594, 3, 0, 0, 0, 0, 47),
(595, 3, 0, 0, 0, 0, 48),
(596, 3, 0, 0, 0, 0, 49),
(597, 3, 0, 0, 0, 0, 50),
(598, 3, 0, 0, 0, 0, 51),
(599, 3, 0, 0, 0, 0, 52),
(600, 3, 0, 0, 0, 0, 53),
(601, 3, 0, 0, 0, 0, 54),
(602, 3, 0, 0, 0, 0, 64),
(603, 4, 13, 0, 0, 0, 0),
(604, 4, 47, 0, 0, 0, 0),
(605, 4, 48, 0, 0, 0, 0),
(606, 4, 49, 0, 0, 0, 0),
(607, 4, 50, 0, 0, 0, 0),
(608, 4, 51, 0, 0, 0, 0),
(609, 4, 52, 0, 0, 0, 0),
(610, 4, 53, 0, 0, 0, 0),
(611, 4, 54, 0, 0, 0, 0),
(612, 4, 64, 0, 0, 0, 0),
(613, 4, 0, 47, 0, 0, 0),
(614, 4, 0, 48, 0, 0, 0),
(615, 4, 0, 49, 0, 0, 0),
(616, 4, 0, 50, 0, 0, 0),
(617, 4, 0, 51, 0, 0, 0),
(618, 4, 0, 52, 0, 0, 0),
(619, 4, 0, 53, 0, 0, 0),
(620, 4, 0, 54, 0, 0, 0),
(621, 4, 0, 64, 0, 0, 0),
(622, 4, 0, 0, 47, 0, 0),
(623, 4, 0, 0, 48, 0, 0),
(624, 4, 0, 0, 49, 0, 0),
(625, 4, 0, 0, 50, 0, 0),
(626, 4, 0, 0, 51, 0, 0),
(627, 4, 0, 0, 52, 0, 0),
(628, 4, 0, 0, 53, 0, 0),
(629, 4, 0, 0, 54, 0, 0),
(630, 4, 0, 0, 64, 0, 0),
(631, 4, 0, 0, 0, 47, 0),
(632, 4, 0, 0, 0, 48, 0),
(633, 4, 0, 0, 0, 49, 0),
(634, 4, 0, 0, 0, 50, 0),
(635, 4, 0, 0, 0, 51, 0),
(636, 4, 0, 0, 0, 52, 0),
(637, 4, 0, 0, 0, 53, 0),
(638, 4, 0, 0, 0, 54, 0),
(639, 4, 0, 0, 0, 64, 0),
(640, 4, 0, 0, 0, 0, 47),
(641, 4, 0, 0, 0, 0, 48),
(642, 4, 0, 0, 0, 0, 49),
(643, 4, 0, 0, 0, 0, 50),
(644, 4, 0, 0, 0, 0, 51),
(645, 4, 0, 0, 0, 0, 52),
(646, 4, 0, 0, 0, 0, 53),
(647, 4, 0, 0, 0, 0, 54),
(648, 4, 0, 0, 0, 0, 64);

#
# Menambahkan menu 'Group / Hak Akses' ke table 'setting_modul'
# dan update no urut menu karena ada penambahan menu 'Group / Hak Akses' di table 'setting_modul'
#

UPDATE `setting_modul` SET `url` = '' WHERE `setting_modul`.`id` = 11;
UPDATE `setting_modul` SET `url` = 'users' WHERE `setting_modul`.`id` = 44;
UPDATE `setting_modul` SET `urut` = '5' WHERE `setting_modul`.`id` = 45;
UPDATE `setting_modul` SET `urut` = '6' WHERE `setting_modul`.`id` = 46;
INSERT INTO `setting_modul` (`id`, `modul`, `url`, `aktif`, `ikon`, `urut`, `level`, `hidden`, `parent`) VALUES (204, 'Group / Hak Akses', 'user_groups', '1', 'fa-users', '4', '1', '0', '11');

# Menambahkan sub menu 'Bantuan' ke table 'setting_modul'
INSERT INTO `setting_modul` (`id`, `modul`, `url`, `aktif`, `ikon`, `urut`, `level`, `hidden`, `parent`) VALUES (205, 'Bantuan', 'program_bantuan/clear', '1', 'fa-heart', '1', '1', '0', '6');

# Menambahkan sub menu 'Pertanahan' ke table 'setting_modul'
INSERT INTO `setting_modul` (`id`, `modul`, `url`, `aktif`, `ikon`, `urut`, `level`, `hidden`, `parent`) VALUES (206, 'Pertanahan', 'data_persil/clear', '1', 'fa-map-signs', '1', '1', '0', '7');


/* ========= Proses Migrasi di atas ini HARUS dilakukan SEBELUM masuk web admin ========= */

/* ========= Proses Migrasi di bawah ini BISA dilakukan SETELAH masuk web admin (tetapi akan 2x proses migrasi, maka ditambahkan disini) ========= */

#
# Menambahkan Dummy Email Address ke table 'user' dgn mengambil 'username' sbg nama email
#

UPDATE `user` SET `email` = CONCAT(user.username, '@opensid.id');

#
# Salin Data Pengguna yg sudah ada di table 'user' ke table 'users'
#

INSERT INTO `users` ( `username`, `password`, `email`, `last_login`, `active`, `first_name`, `company`, `phone`, `user_img`, `id_grup`) SELECT `username`, `password`, `email`, CAST(user.last_login AS DATE), `active`, `nama`, `company`, `phone`, `foto`, `id_grup` FROM `user`;

#
# Menambahkan Data Pengguna yg sudah ada ke dalam Group
#

INSERT INTO `users_groups` (`user_id`, `group_id`) SELECT `id`, `id_grup` FROM `users` WHERE id > 1;
